1 2, 1, 1
2 4, 1, 3
3 6, 3, 3
4 8, 1, 7
5 0, 3, -3
6 2, 5, -3
7 4, 7, -3
8 4, 1, 3
9 6, 3, 3
10 8, 5, 3
11 10, 7, 3
12 0, 9, -9
13 2, 11, -9
14 4, 13, -9
15 6, 15, -9
16 4, 1, 3
17 6, 3, 3
18 8, 5, 3
19 10, 7, 3
20 12, 9, 3
21 0, 11, -11
22 2, 13, -11
23 4, 15, -11
24 6, 17, -11
25 8, 19, -11
26 10, 21, -11
27 12, 23, -11
28 0, 25, -25
29 2, 27, -25
30 4, 29, -25
31 6, 31, -25
32 0, 1, -1
33 2, 3, -1
34 4, 5, -1
35 6, 7, -1
36 8, 9, -1
37 10, 11, -1
38 12, 13, -1
39 14, 15, -1
40 0, 17, -17
41 2, 19, -17
42 4, 21, -17
43 6, 23, -17
44 8, 25, -17
45 10, 27, -17
46 12, 29, -17
47 14, 31, -17
48 0, 33, -33
49 2, 35, -33
50 4, 37, -33
51 6, 39, -33
52 8, 41, -33
53 10, 43, -33
54 12, 45, -33
55 14, 47, -33
56 0, 49, -49
57 2, 51, -49
58 4, 53, -49
59 6, 55, -49
60 8, 57, -49
61 10, 59, -49
62 12, 61, -49
63 14, 63, -49
64 2, 1, 1
65 4, 3, 1
66 6, 5, 1
67 8, 7, 1
68 10, 9, 1
69 12, 11, 1
70 14, 13, 1
71 16, 15, 1
72 0, 17, -17
73 2, 19, -17
74 4, 21, -17
75 6, 23, -17
76 8, 25, -17
77 10, 27, -17
78 12, 29, -17
79 14, 31, -17
80 16, 33, -17
81 0, 35, -35
82 2, 37, -35
83 4, 39, -35
84 6, 41, -35
85 8, 43, -35
86 10, 45, -35
87 12, 47, -35
88 14, 49, -35
89 16, 51, -35
90 0, 53, -53
91 2, 55, -53
92 4, 57, -53
93 6, 59, -53
94 8, 61, -53
95 10, 63, -53
96 12, 65, -53
97 14, 67, -53
98 16, 69, -53
99 0, 71, -71
100 2, 73, -71
101 4, 75, -71
102 6, 77, -71
103 8, 79, -71
104 10, 81, -71
105 12, 83, -71
106 14, 85, -71
107 16, 87, -71
108 0, 89, -89
109 2, 91, -89
110 4, 93, -89
111 6, 95, -89
112 8, 97, -89
113 10, 99, -89
114 12, 101, -89
115 14, 103, -89
116 16, 105, -89
117 0, 107, -107
118 2, 109, -107
119 4, 111, -107
120 6, 113, -107
121 8, 115, -107
122 10, 117, -107
123 12, 119, -107
124 14, 121, -107
125 16, 123, -107
126 0, 125, -125
127 2, 127, -125
128 16, 1, 15
129 18, 3, 15
130 0, 5, -5
131 2, 7, -5
132 4, 9, -5
133 6, 11, -5
134 8, 13, -5
135 10, 15, -5
136 12, 17, -5
137 14, 19, -5
138 16, 21, -5
139 18, 23, -5
140 0, 25, -25
141 2, 27, -25
142 4, 29, -25
143 6, 31, -25
144 8, 33, -25
145 10, 35, -25
146 12, 37, -25
147 14, 39, -25
148 16, 41, -25
149 18, 43, -25
150 0, 45, -45
151 2, 47, -45
152 4, 49, -45
153 6, 51, -45
154 8, 53, -45
155 10, 55, -45
156 12, 57, -45
157 14, 59, -45
158 16, 61, -45
159 18, 63, -45
160 0, 65, -65
161 2, 67, -65
162 4, 69, -65
163 6, 71, -65
164 8, 73, -65
165 10, 75, -65
166 12, 77, -65
167 14, 79, -65
168 16, 81, -65
169 18, 83, -65
170 0, 85, -85
171 2, 87, -85
172 4, 89, -85
173 6, 91, -85
174 8, 93, -85
175 10, 95, -85
176 12, 97, -85
177 14, 99, -85
178 16, 101, -85
179 18, 103, -85
180 0, 105, -105
181 2, 107, -105
182 4, 109, -105
183 6, 111, -105
184 8, 113, -105
185 10, 115, -105
186 12, 117, -105
187 14, 119, -105
188 16, 121, -105
189 18, 123, -105
190 0, 125, -125
191 2, 127, -125
192 4, 129, -125
193 6, 131, -125
194 8, 133, -125
195 10, 135, -125
196 12, 137, -125
197 14, 139, -125
198 16, 141, -125
199 18, 143, -125
200 0, 145, -145
201 2, 147, -145
202 4, 149, -145
203 6, 151, -145
204 8, 153, -145
205 10, 155, -145
206 12, 157, -145
207 14, 159, -145
208 16, 161, -145
209 18, 163, -145
210 0, 165, -165
211 2, 167, -165
212 4, 169, -165
213 6, 171, -165
214 8, 173, -165
215 10, 175, -165
216 12, 177, -165
217 14, 179, -165
218 16, 181, -165
219 18, 183, -165
220 0, 185, -185
221 2, 187, -185
222 4, 189, -185
223 6, 191, -185
224 8, 193, -185
225 10, 195, -185
226 12, 197, -185
227 14, 199, -185
228 16, 201, -185
229 18, 203, -185
230 0, 205, -205
231 2, 207, -205
232 4, 209, -205
233 6, 211, -205
234 8, 213, -205
235 10, 215, -205
236 12, 217, -205
237 14, 219, -205
238 16, 221, -205
239 18, 223, -205
240 0, 225, -225
241 2, 227, -225
242 4, 229, -225
243 6, 231, -225
244 8, 233, -225
245 10, 235, -225
246 12, 237, -225
247 14, 239, -225
248 16, 241, -225
249 18, 243, -225
250 0, 245, -245
251 2, 247, -245
252 4, 249, -245
253 6, 251, -245
254 8, 253, -245
255 10, 255, -245
256 6, 1, 5
257 8, 3, 5
258 10, 5, 5
259 12, 7, 5
260 14, 9, 5
261 16, 11, 5
262 18, 13, 5
263 20, 15, 5
264 0, 17, -17
265 2, 19, -17
266 4, 21, -17
267 6, 23, -17
268 8, 25, -17
269 10, 27, -17
270 12, 29, -17
271 14, 31, -17
272 16, 33, -17
273 18, 35, -17
274 20, 37, -17
275 0, 39, -39
276 2, 41, -39
277 4, 43, -39
278 6, 45, -39
279 8, 47, -39
280 10, 49, -39
281 12, 51, -39
282 14, 53, -39
283 16, 55, -39
284 18, 57, -39
285 20, 59, -39
286 0, 61, -61
287 2, 63, -61
288 4, 65, -61
289 6, 67, -61
290 8, 69, -61
291 10, 71, -61
292 12, 73, -61
293 14, 75, -61
294 16, 77, -61
295 18, 79, -61
296 20, 81, -61
297 0, 83, -83
298 2, 85, -83
299 4, 87, -83
300 6, 89, -83
301 8, 91, -83
302 10, 93, -83
303 12, 95, -83
304 14, 97, -83
305 16, 99, -83
306 18, 101, -83
307 20, 103, -83
308 0, 105, -105
309 2, 107, -105
310 4, 109, -105
311 6, 111, -105
312 8, 113, -105
313 10, 115, -105
314 12, 117, -105
315 14, 119, -105
316 16, 121, -105
317 18, 123, -105
318 20, 125, -105
319 0, 127, -127
320 2, 129, -127
321 4, 131, -127
322 6, 133, -127
323 8, 135, -127
324 10, 137, -127
325 12, 139, -127
326 14, 141, -127
327 16, 143, -127
328 18, 145, -127
329 20, 147, -127
330 0, 149, -149
331 2, 151, -149
332 4, 153, -149
333 6, 155, -149
334 8, 157, -149
335 10, 159, -149
336 12, 161, -149
337 14, 163, -149
338 16, 165, -149
339 18, 167, -149
340 20, 169, -149
341 0, 171, -171
342 2, 173, -171
343 4, 175, -171
344 6, 177, -171
345 8, 179, -171
346 10, 181, -171
347 12, 183, -171
348 14, 185, -171
349 16, 187, -171
350 18, 189, -171
351 20, 191, -171
352 0, 193, -193
353 2, 195, -193
354 4, 197, -193
355 6, 199, -193
356 8, 201, -193
357 10, 203, -193
358 12, 205, -193
359 14, 207, -193
360 16, 209, -193
361 18, 211, -193
362 20, 213, -193
363 0, 215, -215
364 2, 217, -215
365 4, 219, -215
366 6, 221, -215
367 8, 223, -215
368 10, 225, -215
369 12, 227, -215
370 14, 229, -215
371 16, 231, -215
372 18, 233, -215
373 20, 235, -215
374 0, 237, -237
375 2, 239, -237
376 4, 241, -237
377 6, 243, -237
378 8, 245, -237
379 10, 247, -237
380 12, 249, -237
381 14, 251, -237
382 16, 253, -237
383 18, 255, -237
384 20, 257, -237
385 0, 259, -259
386 2, 261, -259
387 4, 263, -259
388 6, 265, -259
389 8, 267, -259
390 10, 269, -259
391 12, 271, -259
392 14, 273, -259
393 16, 275, -259
394 18, 277, -259
395 20, 279, -259
396 0, 281, -281
397 2, 283, -281
398 4, 285, -281
399 6, 287, -281
400 8, 289, -281
401 10, 291, -281
402 12, 293, -281
403 14, 295, -281
404 16, 297, -281
405 18, 299, -281
406 20, 301, -281
407 0, 303, -303
408 2, 305, -303
409 4, 307, -303
410 6, 309, -303
411 8, 311, -303
412 10, 313, -303
413 12, 315, -303
414 14, 317, -303
415 16, 319, -303
416 18, 321, -303
417 20, 323, -303
418 0, 325, -325
419 2, 327, -325
420 4, 329, -325
421 6, 331, -325
422 8, 333, -325
423 10, 335, -325
424 12, 337, -325
425 14, 339, -325
426 16, 341, -325
427 18, 343, -325
428 20, 345, -325
429 0, 347, -347
430 2, 349, -347
431 4, 351, -347
432 6, 353, -347
433 8, 355, -347
434 10, 357, -347
435 12, 359, -347
436 14, 361, -347
437 16, 363, -347
438 18, 365, -347
439 20, 367, -347
440 0, 369, -369
441 2, 371, -369
442 4, 373, -369
443 6, 375, -369
444 8, 377, -369
445 10, 379, -369
446 12, 381, -369
447 14, 383, -369
448 16, 385, -369
449 18, 387, -369
450 20, 389, -369
451 0, 391, -391
452 2, 393, -391
453 4, 395, -391
454 6, 397, -391
455 8, 399, -391
456 10, 401, -391
457 12, 403, -391
458 14, 405, -391
459 16, 407, -391
460 18, 409, -391
461 20, 411, -391
462 0, 413, -413
463 2, 415, -413
464 4, 417, -413
465 6, 419, -413
466 8, 421, -413
467 10, 423, -413
468 12, 425, -413
469 14, 427, -413
470 16, 429, -413
471 18, 431, -413
472 20, 433, -413
473 0, 435, -435
474 2, 437, -435
475 4, 439, -435
476 6, 441, -435
477 8, 443, -435
478 10, 445, -435
479 12, 447, -435
480 14, 449, -435
481 16, 451, -435
482 18, 453, -435
483 20, 455, -435
484 0, 457, -457
485 2, 459, -457
486 4, 461, -457
487 6, 463, -457
488 8, 465, -457
489 10, 467, -457
490 12, 469, -457
491 14, 471, -457
492 16, 473, -457
493 18, 475, -457
494 20, 477, -457
495 0, 479, -479
496 2, 481, -479
497 4, 483, -479
498 6, 485, -479
499 8, 487, -479
500 10, 489, -479
501 12, 491, -479
502 14, 493, -479
503 16, 495, -479
504 18, 497, -479
505 20, 499, -479
506 0, 501, -501
507 2, 503, -501
508 4, 505, -501
509 6, 507, -501
510 8, 509, -501
511 10, 511, -501
512 16, 1, 15
513 18, 3, 15
514 20, 5, 15
515 22, 7, 15
516 0, 9, -9
517 2, 11, -9
518 4, 13, -9
519 6, 15, -9
520 8, 17, -9
521 10, 19, -9
522 12, 21, -9
523 14, 23, -9
524 16, 25, -9
525 18, 27, -9
526 20, 29, -9
527 22, 31, -9
528 0, 33, -33
529 2, 35, -33
530 4, 37, -33
531 6, 39, -33
532 8, 41, -33
533 10, 43, -33
534 12, 45, -33
535 14, 47, -33
536 16, 49, -33
537 18, 51, -33
538 20, 53, -33
539 22, 55, -33
540 0, 57, -57
541 2, 59, -57
542 4, 61, -57
543 6, 63, -57
544 8, 65, -57
545 10, 67, -57
546 12, 69, -57
547 14, 71, -57
548 16, 73, -57
549 18, 75, -57
550 20, 77, -57
551 22, 79, -57
552 0, 81, -81
553 2, 83, -81
554 4, 85, -81
555 6, 87, -81
556 8, 89, -81
557 10, 91, -81
558 12, 93, -81
559 14, 95, -81
560 16, 97, -81
561 18, 99, -81
562 20, 101, -81
563 22, 103, -81
564 0, 105, -105
565 2, 107, -105
566 4, 109, -105
567 6, 111, -105
568 8, 113, -105
569 10, 115, -105
570 12, 117, -105
571 14, 119, -105
572 16, 121, -105
573 18, 123, -105
574 20, 125, -105
575 22, 127, -105
576 0, 129, -129
577 2, 131, -129
578 4, 133, -129
579 6, 135, -129
580 8, 137, -129
581 10, 139, -129
582 12, 141, -129
583 14, 143, -129
584 16, 145, -129
585 18, 147, -129
586 20, 149, -129
587 22, 151, -129
588 0, 153, -153
589 2, 155, -153
590 4, 157, -153
591 6, 159, -153
592 8, 161, -153
593 10, 163, -153
594 12, 165, -153
595 14, 167, -153
596 16, 169, -153
597 18, 171, -153
598 20, 173, -153
599 22, 175, -153
600 0, 177, -177
601 2, 179, -177
602 4, 181, -177
603 6, 183, -177
604 8, 185, -177
605 10, 187, -177
606 12, 189, -177
607 14, 191, -177
608 16, 193, -177
609 18, 195, -177
610 20, 197, -177
611 22, 199, -177
612 0, 201, -201
613 2, 203, -201
614 4, 205, -201
615 6, 207, -201
616 8, 209, -201
617 10, 211, -201
618 12, 213, -201
619 14, 215, -201
620 16, 217, -201
621 18, 219, -201
622 20, 221, -201
623 22, 223, -201
624 0, 225, -225
625 2, 227, -225
626 4, 229, -225
627 6, 231, -225
628 8, 233, -225
629 10, 235, -225
630 12, 237, -225
631 14, 239, -225
632 16, 241, -225
633 18, 243, -225
634 20, 245, -225
635 22, 247, -225
636 0, 249, -249
637 2, 251, -249
638 4, 253, -249
639 6, 255, -249
640 8, 257, -249
641 10, 259, -249
642 12, 261, -249
643 14, 263, -249
644 16, 265, -249
645 18, 267, -249
646 20, 269, -249
647 22, 271, -249
648 0, 273, -273
649 2, 275, -273
650 4, 277, -273
651 6, 279, -273
652 8, 281, -273
653 10, 283, -273
654 12, 285, -273
655 14, 287, -273
656 16, 289, -273
657 18, 291, -273
658 20, 293, -273
659 22, 295, -273
660 0, 297, -297
661 2, 299, -297
662 4, 301, -297
663 6, 303, -297
664 8, 305, -297
665 10, 307, -297
666 12, 309, -297
667 14, 311, -297
668 16, 313, -297
669 18, 315, -297
670 20, 317, -297
671 22, 319, -297
672 0, 321, -321
673 2, 323, -321
674 4, 325, -321
675 6, 327, -321
676 8, 329, -321
677 10, 331, -321
678 12, 333, -321
679 14, 335, -321
680 16, 337, -321
681 18, 339, -321
682 20, 341, -321
683 22, 343, -321
684 0, 345, -345
685 2, 347, -345
686 4, 349, -345
687 6, 351, -345
688 8, 353, -345
689 10, 355, -345
690 12, 357, -345
691 14, 359, -345
692 16, 361, -345
693 18, 363, -345
694 20, 365, -345
695 22, 367, -345
696 0, 369, -369
697 2, 371, -369
698 4, 373, -369
699 6, 375, -369
700 8, 377, -369
701 10, 379, -369
702 12, 381, -369
703 14, 383, -369
704 16, 385, -369
705 18, 387, -369
706 20, 389, -369
707 22, 391, -369
708 0, 393, -393
709 2, 395, -393
710 4, 397, -393
711 6, 399, -393
712 8, 401, -393
713 10, 403, -393
714 12, 405, -393
715 14, 407, -393
716 16, 409, -393
717 18, 411, -393
718 20, 413, -393
719 22, 415, -393
720 0, 417, -417
721 2, 419, -417
722 4, 421, -417
723 6, 423, -417
724 8, 425, -417
725 10, 427, -417
726 12, 429, -417
727 14, 431, -417
728 16, 433, -417
729 18, 435, -417
730 20, 437, -417
731 22, 439, -417
732 0, 441, -441
733 2, 443, -441
734 4, 445, -441
735 6, 447, -441
736 8, 449, -441
737 10, 451, -441
738 12, 453, -441
739 14, 455, -441
740 16, 457, -441
741 18, 459, -441
742 20, 461, -441
743 22, 463, -441
744 0, 465, -465
745 2, 467, -465
746 4, 469, -465
747 6, 471, -465
748 8, 473, -465
749 10, 475, -465
750 12, 477, -465
751 14, 479, -465
752 16, 481, -465
753 18, 483, -465
754 20, 485, -465
755 22, 487, -465
756 0, 489, -489
757 2, 491, -489
758 4, 493, -489
759 6, 495, -489
760 8, 497, -489
761 10, 499, -489
762 12, 501, -489
763 14, 503, -489
764 16, 505, -489
765 18, 507, -489
766 20, 509, -489
767 22, 511, -489
768 0, 513, -513
769 2, 515, -513
770 4, 517, -513
771 6, 519, -513
772 8, 521, -513
773 10, 523, -513
774 12, 525, -513
775 14, 527, -513
776 16, 529, -513
777 18, 531, -513
778 20, 533, -513
779 22, 535, -513
780 0, 537, -537
781 2, 539, -537
782 4, 541, -537
783 6, 543, -537
784 8, 545, -537
785 10, 547, -537
786 12, 549, -537
787 14, 551, -537
788 16, 553, -537
789 18, 555, -537
790 20, 557, -537
791 22, 559, -537
792 0, 561, -561
793 2, 563, -561
794 4, 565, -561
795 6, 567, -561
796 8, 569, -561
797 10, 571, -561
798 12, 573, -561
799 14, 575, -561
800 16, 577, -561
801 18, 579, -561
802 20, 581, -561
803 22, 583, -561
804 0, 585, -585
805 2, 587, -585
806 4, 589, -585
807 6, 591, -585
808 8, 593, -585
809 10, 595, -585
810 12, 597, -585
811 14, 599, -585
812 16, 601, -585
813 18, 603, -585
814 20, 605, -585
815 22, 607, -585
816 0, 609, -609
817 2, 611, -609
818 4, 613, -609
819 6, 615, -609
820 8, 617, -609
821 10, 619, -609
822 12, 621, -609
823 14, 623, -609
824 16, 625, -609
825 18, 627, -609
826 20, 629, -609
827 22, 631, -609
828 0, 633, -633
829 2, 635, -633
830 4, 637, -633
831 6, 639, -633
832 8, 641, -633
833 10, 643, -633
834 12, 645, -633
835 14, 647, -633
836 16, 649, -633
837 18, 651, -633
838 20, 653, -633
839 22, 655, -633
840 0, 657, -657
841 2, 659, -657
842 4, 661, -657
843 6, 663, -657
844 8, 665, -657
845 10, 667, -657
846 12, 669, -657
847 14, 671, -657
848 16, 673, -657
849 18, 675, -657
850 20, 677, -657
851 22, 679, -657
852 0, 681, -681
853 2, 683, -681
854 4, 685, -681
855 6, 687, -681
856 8, 689, -681
857 10, 691, -681
858 12, 693, -681
859 14, 695, -681
860 16, 697, -681
861 18, 699, -681
862 20, 701, -681
863 22, 703, -681
864 0, 705, -705
865 2, 707, -705
866 4, 709, -705
867 6, 711, -705
868 8, 713, -705
869 10, 715, -705
870 12, 717, -705
871 14, 719, -705
872 16, 721, -705
873 18, 723, -705
874 20, 725, -705
875 22, 727, -705
876 0, 729, -729
877 2, 731, -729
878 4, 733, -729
879 6, 735, -729
880 8, 737, -729
881 10, 739, -729
882 12, 741, -729
883 14, 743, -729
884 16, 745, -729
885 18, 747, -729
886 20, 749, -729
887 22, 751, -729
888 0, 753, -753
889 2, 755, -753
890 4, 757, -753
891 6, 759, -753
892 8, 761, -753
893 10, 763, -753
894 12, 765, -753
895 14, 767, -753
896 16, 769, -753
897 18, 771, -753
898 20, 773, -753
899 22, 775, -753
900 0, 777, -777
901 2, 779, -777
902 4, 781, -777
903 6, 783, -777
904 8, 785, -777
905 10, 787, -777
906 12, 789, -777
907 14, 791, -777
908 16, 793, -777
909 18, 795, -777
910 20, 797, -777
911 22, 799, -777
912 0, 801, -801
913 2, 803, -801
914 4, 805, -801
915 6, 807, -801
916 8, 809, -801
917 10, 811, -801
918 12, 813, -801
919 14, 815, -801
920 16, 817, -801
921 18, 819, -801
922 20, 821, -801
923 22, 823, -801
924 0, 825, -825
925 2, 827, -825
926 4, 829, -825
927 6, 831, -825
928 8, 833, -825
929 10, 835, -825
930 12, 837, -825
931 14, 839, -825
932 16, 841, -825
933 18, 843, -825
934 20, 845, -825
935 22, 847, -825
936 0, 849, -849
937 2, 851, -849
938 4, 853, -849
939 6, 855, -849
940 8, 857, -849
941 10, 859, -849
942 12, 861, -849
943 14, 863, -849
944 16, 865, -849
945 18, 867, -849
946 20, 869, -849
947 22, 871, -849
948 0, 873, -873
949 2, 875, -873
950 4, 877, -873
951 6, 879, -873
952 8, 881, -873
953 10, 883, -873
954 12, 885, -873
955 14, 887, -873
956 16, 889, -873
957 18, 891, -873
958 20, 893, -873
959 22, 895, -873
960 0, 897, -897
961 2, 899, -897
962 4, 901, -897
963 6, 903, -897
964 8, 905, -897
965 10, 907, -897
966 12, 909, -897
967 14, 911, -897
968 16, 913, -897
969 18, 915, -897
970 20, 917, -897
971 22, 919, -897
972 0, 921, -921
973 2, 923, -921
974 4, 925, -921
975 6, 927, -921
976 8, 929, -921
977 10, 931, -921
978 12, 933, -921
979 14, 935, -921
980 16, 937, -921
981 18, 939, -921
982 20, 941, -921
983 22, 943, -921
984 0, 945, -945
985 2, 947, -945
986 4, 949, -945
987 6, 951, -945
988 8, 953, -945
989 10, 955, -945
990 12, 957, -945
991 14, 959, -945
992 16, 961, -945
993 18, 963, -945
994 20, 965, -945
995 22, 967, -945
996 0, 969, -969
997 2, 971, -969
998 4, 973, -969
999 6, 975, -969
1000 8, 977, -969
1001 10, 979, -969
1002 12, 981, -969
1003 14, 983, -969
1004 16, 985, -969
1005 18, 987, -969
1006 20, 989, -969
1007 22, 991, -969
1008 0, 993, -993
1009 2, 995, -993
1010 4, 997, -993
1011 6, 999, -993
1012 8, 1001, -993
1013 10, 1003, -993
1014 12, 1005, -993
1015 14, 1007, -993
1016 16, 1009, -993
1017 18, 1011, -993
1018 20, 1013, -993
1019 22, 1015, -993
1020 0, 1017, -1017
1021 2, 1019, -1017
1022 4, 1021, -1017
1023 6, 1023, -1017
1024 20, 1, 19
1025 22, 3, 19
1026 24, 5, 19
1027 0, 7, -7
1028 2, 9, -7
1029 4, 11, -7
1030 6, 13, -7
1031 8, 15, -7
1032 10, 17, -7
1033 12, 19, -7
1034 14, 21, -7
1035 16, 23, -7
1036 18, 25, -7
1037 20, 27, -7
1038 22, 29, -7
1039 24, 31, -7
1040 0, 33, -33
1041 2, 35, -33
1042 4, 37, -33
1043 6, 39, -33
1044 8, 41, -33
1045 10, 43, -33
1046 12, 45, -33
1047 14, 47, -33
1048 16, 49, -33
1049 18, 51, -33
1050 20, 53, -33
1051 22, 55, -33
1052 24, 57, -33
1053 0, 59, -59
1054 2, 61, -59
1055 4, 63, -59
1056 6, 65, -59
1057 8, 67, -59
1058 10, 69, -59
1059 12, 71, -59
1060 14, 73, -59
1061 16, 75, -59
1062 18, 77, -59
1063 20, 79, -59
1064 22, 81, -59
1065 24, 83, -59
1066 0, 85, -85
1067 2, 87, -85
1068 4, 89, -85
1069 6, 91, -85
1070 8, 93, -85
1071 10, 95, -85
1072 12, 97, -85
1073 14, 99, -85
1074 16, 101, -85
1075 18, 103, -85
1076 20, 105, -85
1077 22, 107, -85
1078 24, 109, -85
1079 0, 111, -111
1080 2, 113, -111
1081 4, 115, -111
1082 6, 117, -111
1083 8, 119, -111
1084 10, 121, -111
1085 12, 123, -111
1086 14, 125, -111
1087 16, 127, -111
1088 18, 129, -111
1089 20, 131, -111
1090 22, 133, -111
1091 24, 135, -111
1092 0, 137, -137
1093 2, 139, -137
1094 4, 141, -137
1095 6, 143, -137
1096 8, 145, -137
1097 10, 147, -137
1098 12, 149, -137
1099 14, 151, -137
1100 16, 153, -137
1101 18, 155, -137
1102 20, 157, -137
1103 22, 159, -137
1104 24, 161, -137
1105 0, 163, -163
1106 2, 165, -163
1107 4, 167, -163
1108 6, 169, -163
1109 8, 171, -163
1110 10, 173, -163
1111 12, 175, -163
1112 14, 177, -163
1113 16, 179, -163
1114 18, 181, -163
1115 20, 183, -163
1116 22, 185, -163
1117 24, 187, -163
1118 0, 189, -189
1119 2, 191, -189
1120 4, 193, -189
1121 6, 195, -189
1122 8, 197, -189
1123 10, 199, -189
1124 12, 201, -189
1125 14, 203, -189
1126 16, 205, -189
1127 18, 207, -189
1128 20, 209, -189
1129 22, 211, -189
1130 24, 213, -189
1131 0, 215, -215
1132 2, 217, -215
1133 4, 219, -215
1134 6, 221, -215
1135 8, 223, -215
1136 10, 225, -215
1137 12, 227, -215
1138 14, 229, -215
1139 16, 231, -215
1140 18, 233, -215
1141 20, 235, -215
1142 22, 237, -215
1143 24, 239, -215
1144 0, 241, -241
1145 2, 243, -241
1146 4, 245, -241
1147 6, 247, -241
1148 8, 249, -241
1149 10, 251, -241
1150 12, 253, -241
1151 14, 255, -241
1152 16, 257, -241
1153 18, 259, -241
1154 20, 261, -241
1155 22, 263, -241
1156 24, 265, -241
1157 0, 267, -267
1158 2, 269, -267
1159 4, 271, -267
1160 6, 273, -267
1161 8, 275, -267
1162 10, 277, -267
1163 12, 279, -267
1164 14, 281, -267
1165 16, 283, -267
1166 18, 285, -267
1167 20, 287, -267
1168 22, 289, -267
1169 24, 291, -267
1170 0, 293, -293
1171 2, 295, -293
1172 4, 297, -293
1173 6, 299, -293
1174 8, 301, -293
1175 10, 303, -293
1176 12, 305, -293
1177 14, 307, -293
1178 16, 309, -293
1179 18, 311, -293
1180 20, 313, -293
1181 22, 315, -293
1182 24, 317, -293
1183 0, 319, -319
1184 2, 321, -319
1185 4, 323, -319
1186 6, 325, -319
1187 8, 327, -319
1188 10, 329, -319
1189 12, 331, -319
1190 14, 333, -319
1191 16, 335, -319
1192 18, 337, -319
1193 20, 339, -319
1194 22, 341, -319
1195 24, 343, -319
1196 0, 345, -345
1197 2, 347, -345
1198 4, 349, -345
1199 6, 351, -345
1200 8, 353, -345
1201 10, 355, -345
1202 12, 357, -345
1203 14, 359, -345
1204 16, 361, -345
1205 18, 363, -345
1206 20, 365, -345
1207 22, 367, -345
1208 24, 369, -345
1209 0, 371, -371
1210 2, 373, -371
1211 4, 375, -371
1212 6, 377, -371
1213 8, 379, -371
1214 10, 381, -371
1215 12, 383, -371
1216 14, 385, -371
1217 16, 387, -371
1218 18, 389, -371
1219 20, 391, -371
1220 22, 393, -371
1221 24, 395, -371
1222 0, 397, -397
1223 2, 399, -397
1224 4, 401, -397
1225 6, 403, -397
1226 8, 405, -397
1227 10, 407, -397
1228 12, 409, -397
1229 14, 411, -397
1230 16, 413, -397
1231 18, 415, -397
1232 20, 417, -397
1233 22, 419, -397
1234 24, 421, -397
1235 0, 423, -423
1236 2, 425, -423
1237 4, 427, -423
1238 6, 429, -423
1239 8, 431, -423
1240 10, 433, -423
1241 12, 435, -423
1242 14, 437, -423
1243 16, 439, -423
1244 18, 441, -423
1245 20, 443, -423
1246 22, 445, -423
1247 24, 447, -423
1248 0, 449, -449
1249 2, 451, -449
1250 4, 453, -449
1251 6, 455, -449
1252 8, 457, -449
1253 10, 459, -449
1254 12, 461, -449
1255 14, 463, -449
1256 16, 465, -449
1257 18, 467, -449
1258 20, 469, -449
1259 22, 471, -449
1260 24, 473, -449
1261 0, 475, -475
1262 2, 477, -475
1263 4, 479, -475
1264 6, 481, -475
1265 8, 483, -475
1266 10, 485, -475
1267 12, 487, -475
1268 14, 489, -475
1269 16, 491, -475
1270 18, 493, -475
1271 20, 495, -475
1272 22, 497, -475
1273 24, 499, -475
1274 0, 501, -501
1275 2, 503, -501
1276 4, 505, -501
1277 6, 507, -501
1278 8, 509, -501
1279 10, 511, -501
1280 12, 513, -501
1281 14, 515, -501
1282 16, 517, -501
1283 18, 519, -501
1284 20, 521, -501
1285 22, 523, -501
1286 24, 525, -501
1287 0, 527, -527
1288 2, 529, -527
1289 4, 531, -527
1290 6, 533, -527
1291 8, 535, -527
1292 10, 537, -527
1293 12, 539, -527
1294 14, 541, -527
1295 16, 543, -527
1296 18, 545, -527
1297 20, 547, -527
1298 22, 549, -527
1299 24, 551, -527
1300 0, 553, -553
1301 2, 555, -553
1302 4, 557, -553
1303 6, 559, -553
1304 8, 561, -553
1305 10, 563, -553
1306 12, 565, -553
1307 14, 567, -553
1308 16, 569, -553
1309 18, 571, -553
1310 20, 573, -553
1311 22, 575, -553
1312 24, 577, -553
1313 0, 579, -579
1314 2, 581, -579
1315 4, 583, -579
1316 6, 585, -579
1317 8, 587, -579
1318 10, 589, -579
1319 12, 591, -579
1320 14, 593, -579
1321 16, 595, -579
1322 18, 597, -579
1323 20, 599, -579
1324 22, 601, -579
1325 24, 603, -579
1326 0, 605, -605
1327 2, 607, -605
1328 4, 609, -605
1329 6, 611, -605
1330 8, 613, -605
1331 10, 615, -605
1332 12, 617, -605
1333 14, 619, -605
1334 16, 621, -605
1335 18, 623, -605
1336 20, 625, -605
1337 22, 627, -605
1338 24, 629, -605
1339 0, 631, -631
1340 2, 633, -631
1341 4, 635, -631
1342 6, 637, -631
1343 8, 639, -631
1344 10, 641, -631
1345 12, 643, -631
1346 14, 645, -631
1347 16, 647, -631
1348 18, 649, -631
1349 20, 651, -631
1350 22, 653, -631
1351 24, 655, -631
1352 0, 657, -657
1353 2, 659, -657
1354 4, 661, -657
1355 6, 663, -657
1356 8, 665, -657
1357 10, 667, -657
1358 12, 669, -657
1359 14, 671, -657
1360 16, 673, -657
1361 18, 675, -657
1362 20, 677, -657
1363 22, 679, -657
1364 24, 681, -657
1365 0, 683, -683
1366 2, 685, -683
1367 4, 687, -683
1368 6, 689, -683
1369 8, 691, -683
1370 10, 693, -683
1371 12, 695, -683
1372 14, 697, -683
1373 16, 699, -683
1374 18, 701, -683
1375 20, 703, -683
1376 22, 705, -683
1377 24, 707, -683
1378 0, 709, -709
1379 2, 711, -709
1380 4, 713, -709
1381 6, 715, -709
1382 8, 717, -709
1383 10, 719, -709
1384 12, 721, -709
1385 14, 723, -709
1386 16, 725, -709
1387 18, 727, -709
1388 20, 729, -709
1389 22, 731, -709
1390 24, 733, -709
1391 0, 735, -735
1392 2, 737, -735
1393 4, 739, -735
1394 6, 741, -735
1395 8, 743, -735
1396 10, 745, -735
1397 12, 747, -735
1398 14, 749, -735
1399 16, 751, -735
1400 18, 753, -735
1401 20, 755, -735
1402 22, 757, -735
1403 24, 759, -735
1404 0, 761, -761
1405 2, 763, -761
1406 4, 765, -761
1407 6, 767, -761
1408 8, 769, -761
1409 10, 771, -761
1410 12, 773, -761
1411 14, 775, -761
1412 16, 777, -761
1413 18, 779, -761
1414 20, 781, -761
1415 22, 783, -761
1416 24, 785, -761
1417 0, 787, -787
1418 2, 789, -787
1419 4, 791, -787
1420 6, 793, -787
1421 8, 795, -787
1422 10, 797, -787
1423 12, 799, -787
1424 14, 801, -787
1425 16, 803, -787
1426 18, 805, -787
1427 20, 807, -787
1428 22, 809, -787
1429 24, 811, -787
1430 0, 813, -813
1431 2, 815, -813
1432 4, 817, -813
1433 6, 819, -813
1434 8, 821, -813
1435 10, 823, -813
1436 12, 825, -813
1437 14, 827, -813
1438 16, 829, -813
1439 18, 831, -813
1440 20, 833, -813
1441 22, 835, -813
1442 24, 837, -813
1443 0, 839, -839
1444 2, 841, -839
1445 4, 843, -839
1446 6, 845, -839
1447 8, 847, -839
1448 10, 849, -839
1449 12, 851, -839
1450 14, 853, -839
1451 16, 855, -839
1452 18, 857, -839
1453 20, 859, -839
1454 22, 861, -839
1455 24, 863, -839
1456 0, 865, -865
1457 2, 867, -865
1458 4, 869, -865
1459 6, 871, -865
1460 8, 873, -865
1461 10, 875, -865
1462 12, 877, -865
1463 14, 879, -865
1464 16, 881, -865
1465 18, 883, -865
1466 20, 885, -865
1467 22, 887, -865
1468 24, 889, -865
1469 0, 891, -891
1470 2, 893, -891
1471 4, 895, -891
1472 6, 897, -891
1473 8, 899, -891
1474 10, 901, -891
1475 12, 903, -891
1476 14, 905, -891
1477 16, 907, -891
1478 18, 909, -891
1479 20, 911, -891
1480 22, 913, -891
1481 24, 915, -891
1482 0, 917, -917
1483 2, 919, -917
1484 4, 921, -917
1485 6, 923, -917
1486 8, 925, -917
1487 10, 927, -917
1488 12, 929, -917
1489 14, 931, -917
1490 16, 933, -917
1491 18, 935, -917
1492 20, 937, -917
1493 22, 939, -917
1494 24, 941, -917
1495 0, 943, -943
1496 2, 945, -943
1497 4, 947, -943
1498 6, 949, -943
1499 8, 951, -943
1500 10, 953, -943
1501 12, 955, -943
1502 14, 957, -943
1503 16, 959, -943
1504 18, 961, -943
1505 20, 963, -943
1506 22, 965, -943
1507 24, 967, -943
1508 0, 969, -969
1509 2, 971, -969
1510 4, 973, -969
1511 6, 975, -969
1512 8, 977, -969
1513 10, 979, -969
1514 12, 981, -969
1515 14, 983, -969
1516 16, 985, -969
1517 18, 987, -969
1518 20, 989, -969
1519 22, 991, -969
1520 24, 993, -969
1521 0, 995, -995
1522 2, 997, -995
1523 4, 999, -995
1524 6, 1001, -995
1525 8, 1003, -995
1526 10, 1005, -995
1527 12, 1007, -995
1528 14, 1009, -995
1529 16, 1011, -995
1530 18, 1013, -995
1531 20, 1015, -995
1532 22, 1017, -995
1533 24, 1019, -995
1534 0, 1021, -1021
1535 2, 1023, -1021
1536 4, 1025, -1021
1537 6, 1027, -1021
1538 8, 1029, -1021
1539 10, 1031, -1021
1540 12, 1033, -1021
1541 14, 1035, -1021
1542 16, 1037, -1021
1543 18, 1039, -1021
1544 20, 1041, -1021
1545 22, 1043, -1021
1546 24, 1045, -1021
1547 0, 1047, -1047
1548 2, 1049, -1047
1549 4, 1051, -1047
1550 6, 1053, -1047
1551 8, 1055, -1047
1552 10, 1057, -1047
1553 12, 1059, -1047
1554 14, 1061, -1047
1555 16, 1063, -1047
1556 18, 1065, -1047
1557 20, 1067, -1047
1558 22, 1069, -1047
1559 24, 1071, -1047
1560 0, 1073, -1073
1561 2, 1075, -1073
1562 4, 1077, -1073
1563 6, 1079, -1073
1564 8, 1081, -1073
1565 10, 1083, -1073
1566 12, 1085, -1073
1567 14, 1087, -1073
1568 16, 1089, -1073
1569 18, 1091, -1073
1570 20, 1093, -1073
1571 22, 1095, -1073
1572 24, 1097, -1073
1573 0, 1099, -1099
1574 2, 1101, -1099
1575 4, 1103, -1099
1576 6, 1105, -1099
1577 8, 1107, -1099
1578 10, 1109, -1099
1579 12, 1111, -1099
1580 14, 1113, -1099
1581 16, 1115, -1099
1582 18, 1117, -1099
1583 20, 1119, -1099
1584 22, 1121, -1099
1585 24, 1123, -1099
1586 0, 1125, -1125
1587 2, 1127, -1125
1588 4, 1129, -1125
1589 6, 1131, -1125
1590 8, 1133, -1125
1591 10, 1135, -1125
1592 12, 1137, -1125
1593 14, 1139, -1125
1594 16, 1141, -1125
1595 18, 1143, -1125
1596 20, 1145, -1125
1597 22, 1147, -1125
1598 24, 1149, -1125
1599 0, 1151, -1151
1600 2, 1153, -1151
1601 4, 1155, -1151
1602 6, 1157, -1151
1603 8, 1159, -1151
1604 10, 1161, -1151
1605 12, 1163, -1151
1606 14, 1165, -1151
1607 16, 1167, -1151
1608 18, 1169, -1151
1609 20, 1171, -1151
1610 22, 1173, -1151
1611 24, 1175, -1151
1612 0, 1177, -1177
1613 2, 1179, -1177
1614 4, 1181, -1177
1615 6, 1183, -1177
1616 8, 1185, -1177
1617 10, 1187, -1177
1618 12, 1189, -1177
1619 14, 1191, -1177
1620 16, 1193, -1177
1621 18, 1195, -1177
1622 20, 1197, -1177
1623 22, 1199, -1177
1624 24, 1201, -1177
1625 0, 1203, -1203
1626 2, 1205, -1203
1627 4, 1207, -1203
1628 6, 1209, -1203
1629 8, 1211, -1203
1630 10, 1213, -1203
1631 12, 1215, -1203
1632 14, 1217, -1203
1633 16, 1219, -1203
1634 18, 1221, -1203
1635 20, 1223, -1203
1636 22, 1225, -1203
1637 24, 1227, -1203
1638 0, 1229, -1229
1639 2, 1231, -1229
1640 4, 1233, -1229
1641 6, 1235, -1229
1642 8, 1237, -1229
1643 10, 1239, -1229
1644 12, 1241, -1229
1645 14, 1243, -1229
1646 16, 1245, -1229
1647 18, 1247, -1229
1648 20, 1249, -1229
1649 22, 1251, -1229
1650 24, 1253, -1229
1651 0, 1255, -1255
1652 2, 1257, -1255
1653 4, 1259, -1255
1654 6, 1261, -1255
1655 8, 1263, -1255
1656 10, 1265, -1255
1657 12, 1267, -1255
1658 14, 1269, -1255
1659 16, 1271, -1255
1660 18, 1273, -1255
1661 20, 1275, -1255
1662 22, 1277, -1255
1663 24, 1279, -1255
1664 0, 1281, -1281
1665 2, 1283, -1281
1666 4, 1285, -1281
1667 6, 1287, -1281
1668 8, 1289, -1281
1669 10, 1291, -1281
1670 12, 1293, -1281
1671 14, 1295, -1281
1672 16, 1297, -1281
1673 18, 1299, -1281
1674 20, 1301, -1281
1675 22, 1303, -1281
1676 24, 1305, -1281
1677 0, 1307, -1307
1678 2, 1309, -1307
1679 4, 1311, -1307
1680 6, 1313, -1307
1681 8, 1315, -1307
1682 10, 1317, -1307
1683 12, 1319, -1307
1684 14, 1321, -1307
1685 16, 1323, -1307
1686 18, 1325, -1307
1687 20, 1327, -1307
1688 22, 1329, -1307
1689 24, 1331, -1307
1690 0, 1333, -1333
1691 2, 1335, -1333
1692 4, 1337, -1333
1693 6, 1339, -1333
1694 8, 1341, -1333
1695 10, 1343, -1333
1696 12, 1345, -1333
1697 14, 1347, -1333
1698 16, 1349, -1333
1699 18, 1351, -1333
1700 20, 1353, -1333
1701 22, 1355, -1333
1702 24, 1357, -1333
1703 0, 1359, -1359
1704 2, 1361, -1359
1705 4, 1363, -1359
1706 6, 1365, -1359
1707 8, 1367, -1359
1708 10, 1369, -1359
1709 12, 1371, -1359
1710 14, 1373, -1359
1711 16, 1375, -1359
1712 18, 1377, -1359
1713 20, 1379, -1359
1714 22, 1381, -1359
1715 24, 1383, -1359
1716 0, 1385, -1385
1717 2, 1387, -1385
1718 4, 1389, -1385
1719 6, 1391, -1385
1720 8, 1393, -1385
1721 10, 1395, -1385
1722 12, 1397, -1385
1723 14, 1399, -1385
1724 16, 1401, -1385
1725 18, 1403, -1385
1726 20, 1405, -1385
1727 22, 1407, -1385
1728 24, 1409, -1385
1729 0, 1411, -1411
1730 2, 1413, -1411
1731 4, 1415, -1411
1732 6, 1417, -1411
1733 8, 1419, -1411
1734 10, 1421, -1411
1735 12, 1423, -1411
1736 14, 1425, -1411
1737 16, 1427, -1411
1738 18, 1429, -1411
1739 20, 1431, -1411
1740 22, 1433, -1411
1741 24, 1435, -1411
1742 0, 1437, -1437
1743 2, 1439, -1437
1744 4, 1441, -1437
1745 6, 1443, -1437
1746 8, 1445, -1437
1747 10, 1447, -1437
1748 12, 1449, -1437
1749 14, 1451, -1437
1750 16, 1453, -1437
1751 18, 1455, -1437
1752 20, 1457, -1437
1753 22, 1459, -1437
1754 24, 1461, -1437
1755 0, 1463, -1463
1756 2, 1465, -1463
1757 4, 1467, -1463
1758 6, 1469, -1463
1759 8, 1471, -1463
1760 10, 1473, -1463
1761 12, 1475, -1463
1762 14, 1477, -1463
1763 16, 1479, -1463
1764 18, 1481, -1463
1765 20, 1483, -1463
1766 22, 1485, -1463
1767 24, 1487, -1463
1768 0, 1489, -1489
1769 2, 1491, -1489
1770 4, 1493, -1489
1771 6, 1495, -1489
1772 8, 1497, -1489
1773 10, 1499, -1489
1774 12, 1501, -1489
1775 14, 1503, -1489
1776 16, 1505, -1489
1777 18, 1507, -1489
1778 20, 1509, -1489
1779 22, 1511, -1489
1780 24, 1513, -1489
1781 0, 1515, -1515
1782 2, 1517, -1515
1783 4, 1519, -1515
1784 6, 1521, -1515
1785 8, 1523, -1515
1786 10, 1525, -1515
1787 12, 1527, -1515
1788 14, 1529, -1515
1789 16, 1531, -1515
1790 18, 1533, -1515
1791 20, 1535, -1515
1792 22, 1537, -1515
1793 24, 1539, -1515
1794 0, 1541, -1541
1795 2, 1543, -1541
1796 4, 1545, -1541
1797 6, 1547, -1541
1798 8, 1549, -1541
1799 10, 1551, -1541
1800 12, 1553, -1541
1801 14, 1555, -1541
1802 16, 1557, -1541
1803 18, 1559, -1541
1804 20, 1561, -1541
1805 22, 1563, -1541
1806 24, 1565, -1541
1807 0, 1567, -1567
1808 2, 1569, -1567
1809 4, 1571, -1567
1810 6, 1573, -1567
1811 8, 1575, -1567
1812 10, 1577, -1567
1813 12, 1579, -1567
1814 14, 1581, -1567
1815 16, 1583, -1567
1816 18, 1585, -1567
1817 20, 1587, -1567
1818 22, 1589, -1567
1819 24, 1591, -1567
1820 0, 1593, -1593
1821 2, 1595, -1593
1822 4, 1597, -1593
1823 6, 1599, -1593
1824 8, 1601, -1593
1825 10, 1603, -1593
1826 12, 1605, -1593
1827 14, 1607, -1593
1828 16, 1609, -1593
1829 18, 1611, -1593
1830 20, 1613, -1593
1831 22, 1615, -1593
1832 24, 1617, -1593
1833 0, 1619, -1619
1834 2, 1621, -1619
1835 4, 1623, -1619
1836 6, 1625, -1619
1837 8, 1627, -1619
1838 10, 1629, -1619
1839 12, 1631, -1619
1840 14, 1633, -1619
1841 16, 1635, -1619
1842 18, 1637, -1619
1843 20, 1639, -1619
1844 22, 1641, -1619
1845 24, 1643, -1619
1846 0, 1645, -1645
1847 2, 1647, -1645
1848 4, 1649, -1645
1849 6, 1651, -1645
1850 8, 1653, -1645
1851 10, 1655, -1645
1852 12, 1657, -1645
1853 14, 1659, -1645
1854 16, 1661, -1645
1855 18, 1663, -1645
1856 20, 1665, -1645
1857 22, 1667, -1645
1858 24, 1669, -1645
1859 0, 1671, -1671
1860 2, 1673, -1671
1861 4, 1675, -1671
1862 6, 1677, -1671
1863 8, 1679, -1671
1864 10, 1681, -1671
1865 12, 1683, -1671
1866 14, 1685, -1671
1867 16, 1687, -1671
1868 18, 1689, -1671
1869 20, 1691, -1671
1870 22, 1693, -1671
1871 24, 1695, -1671
1872 0, 1697, -1697
1873 2, 1699, -1697
1874 4, 1701, -1697
1875 6, 1703, -1697
1876 8, 1705, -1697
1877 10, 1707, -1697
1878 12, 1709, -1697
1879 14, 1711, -1697
1880 16, 1713, -1697
1881 18, 1715, -1697
1882 20, 1717, -1697
1883 22, 1719, -1697
1884 24, 1721, -1697
1885 0, 1723, -1723
1886 2, 1725, -1723
1887 4, 1727, -1723
1888 6, 1729, -1723
1889 8, 1731, -1723
1890 10, 1733, -1723
1891 12, 1735, -1723
1892 14, 1737, -1723
1893 16, 1739, -1723
1894 18, 1741, -1723
1895 20, 1743, -1723
1896 22, 1745, -1723
1897 24, 1747, -1723
1898 0, 1749, -1749
1899 2, 1751, -1749
1900 4, 1753, -1749
1901 6, 1755, -1749
1902 8, 1757, -1749
1903 10, 1759, -1749
1904 12, 1761, -1749
1905 14, 1763, -1749
1906 16, 1765, -1749
1907 18, 1767, -1749
1908 20, 1769, -1749
1909 22, 1771, -1749
1910 24, 1773, -1749
1911 0, 1775, -1775
1912 2, 1777, -1775
1913 4, 1779, -1775
1914 6, 1781, -1775
1915 8, 1783, -1775
1916 10, 1785, -1775
1917 12, 1787, -1775
1918 14, 1789, -1775
1919 16, 1791, -1775
1920 18, 1793, -1775
1921 20, 1795, -1775
1922 22, 1797, -1775
1923 24, 1799, -1775
1924 0, 1801, -1801
1925 2, 1803, -1801
1926 4, 1805, -1801
1927 6, 1807, -1801
1928 8, 1809, -1801
1929 10, 1811, -1801
1930 12, 1813, -1801
1931 14, 1815, -1801
1932 16, 1817, -1801
1933 18, 1819, -1801
1934 20, 1821, -1801
1935 22, 1823, -1801
1936 24, 1825, -1801
1937 0, 1827, -1827
1938 2, 1829, -1827
1939 4, 1831, -1827
1940 6, 1833, -1827
1941 8, 1835, -1827
1942 10, 1837, -1827
1943 12, 1839, -1827
1944 14, 1841, -1827
1945 16, 1843, -1827
1946 18, 1845, -1827
1947 20, 1847, -1827
1948 22, 1849, -1827
1949 24, 1851, -1827
1950 0, 1853, -1853
1951 2, 1855, -1853
1952 4, 1857, -1853
1953 6, 1859, -1853
1954 8, 1861, -1853
1955 10, 1863, -1853
1956 12, 1865, -1853
1957 14, 1867, -1853
1958 16, 1869, -1853
1959 18, 1871, -1853
1960 20, 1873, -1853
1961 22, 1875, -1853
1962 24, 1877, -1853
1963 0, 1879, -1879
1964 2, 1881, -1879
1965 4, 1883, -1879
1966 6, 1885, -1879
1967 8, 1887, -1879
1968 10, 1889, -1879
1969 12, 1891, -1879
1970 14, 1893, -1879
1971 16, 1895, -1879
1972 18, 1897, -1879
1973 20, 1899, -1879
1974 22, 1901, -1879
1975 24, 1903, -1879
1976 0, 1905, -1905
1977 2, 1907, -1905
1978 4, 1909, -1905
1979 6, 1911, -1905
1980 8, 1913, -1905
1981 10, 1915, -1905
1982 12, 1917, -1905
1983 14, 1919, -1905
1984 16, 1921, -1905
1985 18, 1923, -1905
1986 20, 1925, -1905
1987 22, 1927, -1905
1988 24, 1929, -1905
1989 0, 1931, -1931
1990 2, 1933, -1931
1991 4, 1935, -1931
1992 6, 1937, -1931
1993 8, 1939, -1931
1994 10, 1941, -1931
1995 12, 1943, -1931
1996 14, 1945, -1931
1997 16, 1947, -1931
1998 18, 1949, -1931
1999 20, 1951, -1931
2000 22, 1953, -1931
2001 24, 1955, -1931
2002 0, 1957, -1957
2003 2, 1959, -1957
2004 4, 1961, -1957
2005 6, 1963, -1957
2006 8, 1965, -1957
2007 10, 1967, -1957
2008 12, 1969, -1957
2009 14, 1971, -1957
2010 16, 1973, -1957
2011 18, 1975, -1957
2012 20, 1977, -1957
2013 22, 1979, -1957
2014 24, 1981, -1957
2015 0, 1983, -1983
2016 2, 1985, -1983
2017 4, 1987, -1983
2018 6, 1989, -1983
2019 8, 1991, -1983
2020 10, 1993, -1983
2021 12, 1995, -1983
2022 14, 1997, -1983
2023 16, 1999, -1983
2024 18, 2001, -1983
2025 20, 2003, -1983
2026 22, 2005, -1983
2027 24, 2007, -1983
2028 0, 2009, -2009
2029 2, 2011, -2009
2030 4, 2013, -2009
2031 6, 2015, -2009
2032 8, 2017, -2009
2033 10, 2019, -2009
2034 12, 2021, -2009
2035 14, 2023, -2009
2036 16, 2025, -2009
2037 18, 2027, -2009
2038 20, 2029, -2009
2039 22, 2031, -2009
2040 24, 2033, -2009
2041 0, 2035, -2035
2042 2, 2037, -2035
2043 4, 2039, -2035
2044 6, 2041, -2035
2045 8, 2043, -2035
2046 10, 2045, -2035
2047 12, 2047, -2035
2048 8, 1, 7
2049 10, 3, 7
2050 12, 5, 7
2051 14, 7, 7
2052 16, 9, 7
2053 18, 11, 7
2054 20, 13, 7
2055 22, 15, 7
2056 24, 17, 7
2057 26, 19, 7
2058 0, 21, -21
2059 2, 23, -21
2060 4, 25, -21
2061 6, 27, -21
2062 8, 29, -21
2063 10, 31, -21
2064 12, 33, -21
2065 14, 35, -21
2066 16, 37, -21
2067 18, 39, -21
2068 20, 41, -21
2069 22, 43, -21
2070 24, 45, -21
2071 26, 47, -21
2072 0, 49, -49
2073 2, 51, -49
2074 4, 53, -49
2075 6, 55, -49
2076 8, 57, -49
2077 10, 59, -49
2078 12, 61, -49
2079 14, 63, -49
2080 16, 65, -49
2081 18, 67, -49
2082 20, 69, -49
2083 22, 71, -49
2084 24, 73, -49
2085 26, 75, -49
2086 0, 77, -77
2087 2, 79, -77
2088 4, 81, -77
2089 6, 83, -77
2090 8, 85, -77
2091 10, 87, -77
2092 12, 89, -77
2093 14, 91, -77
2094 16, 93, -77
2095 18, 95, -77
2096 20, 97, -77
2097 22, 99, -77
2098 24, 101, -77
2099 26, 103, -77
2100 0, 105, -105
2101 2, 107, -105
2102 4, 109, -105
2103 6, 111, -105
2104 8, 113, -105
2105 10, 115, -105
2106 12, 117, -105
2107 14, 119, -105
2108 16, 121, -105
2109 18, 123, -105
2110 20, 125, -105
2111 22, 127, -105
2112 24, 129, -105
2113 26, 131, -105
2114 0, 133, -133
2115 2, 135, -133
2116 4, 137, -133
2117 6, 139, -133
2118 8, 141, -133
2119 10, 143, -133
2120 12, 145, -133
2121 14, 147, -133
2122 16, 149, -133
2123 18, 151, -133
2124 20, 153, -133
2125 22, 155, -133
2126 24, 157, -133
2127 26, 159, -133
2128 0, 161, -161
2129 2, 163, -161
2130 4, 165, -161
2131 6, 167, -161
2132 8, 169, -161
2133 10, 171, -161
2134 12, 173, -161
2135 14, 175, -161
2136 16, 177, -161
2137 18, 179, -161
2138 20, 181, -161
2139 22, 183, -161
2140 24, 185, -161
2141 26, 187, -161
2142 0, 189, -189
2143 2, 191, -189
2144 4, 193, -189
2145 6, 195, -189
2146 8, 197, -189
2147 10, 199, -189
2148 12, 201, -189
2149 14, 203, -189
2150 16, 205, -189
2151 18, 207, -189
2152 20, 209, -189
2153 22, 211, -189
2154 24, 213, -189
2155 26, 215, -189
2156 0, 217, -217
2157 2, 219, -217
2158 4, 221, -217
2159 6, 223, -217
2160 8, 225, -217
2161 10, 227, -217
2162 12, 229, -217
2163 14, 231, -217
2164 16, 233, -217
2165 18, 235, -217
2166 20, 237, -217
2167 22, 239, -217
2168 24, 241, -217
2169 26, 243, -217
2170 0, 245, -245
2171 2, 247, -245
2172 4, 249, -245
2173 6, 251, -245
2174 8, 253, -245
2175 10, 255, -245
2176 12, 257, -245
2177 14, 259, -245
2178 16, 261, -245
2179 18, 263, -245
2180 20, 265, -245
2181 22, 267, -245
2182 24, 269, -245
2183 26, 271, -245
2184 0, 273, -273
2185 2, 275, -273
2186 4, 277, -273
2187 6, 279, -273
2188 8, 281, -273
2189 10, 283, -273
2190 12, 285, -273
2191 14, 287, -273
2192 16, 289, -273
2193 18, 291, -273
2194 20, 293, -273
2195 22, 295, -273
2196 24, 297, -273
2197 26, 299, -273
2198 0, 301, -301
2199 2, 303, -301
2200 4, 305, -301
2201 6, 307, -301
2202 8, 309, -301
2203 10, 311, -301
2204 12, 313, -301
2205 14, 315, -301
2206 16, 317, -301
2207 18, 319, -301
2208 20, 321, -301
2209 22, 323, -301
2210 24, 325, -301
2211 26, 327, -301
2212 0, 329, -329
2213 2, 331, -329
2214 4, 333, -329
2215 6, 335, -329
2216 8, 337, -329
2217 10, 339, -329
2218 12, 341, -329
2219 14, 343, -329
2220 16, 345, -329
2221 18, 347, -329
2222 20, 349, -329
2223 22, 351, -329
2224 24, 353, -329
2225 26, 355, -329
2226 0, 357, -357
2227 2, 359, -357
2228 4, 361, -357
2229 6, 363, -357
2230 8, 365, -357
2231 10, 367, -357
2232 12, 369, -357
2233 14, 371, -357
2234 16, 373, -357
2235 18, 375, -357
2236 20, 377, -357
2237 22, 379, -357
2238 24, 381, -357
2239 26, 383, -357
2240 0, 385, -385
2241 2, 387, -385
2242 4, 389, -385
2243 6, 391, -385
2244 8, 393, -385
2245 10, 395, -385
2246 12, 397, -385
2247 14, 399, -385
2248 16, 401, -385
2249 18, 403, -385
2250 20, 405, -385
2251 22, 407, -385
2252 24, 409, -385
2253 26, 411, -385
2254 0, 413, -413
2255 2, 415, -413
2256 4, 417, -413
2257 6, 419, -413
2258 8, 421, -413
2259 10, 423, -413
2260 12, 425, -413
2261 14, 427, -413
2262 16, 429, -413
2263 18, 431, -413
2264 20, 433, -413
2265 22, 435, -413
2266 24, 437, -413
2267 26, 439, -413
2268 0, 441, -441
2269 2, 443, -441
2270 4, 445, -441
2271 6, 447, -441
2272 8, 449, -441
2273 10, 451, -441
2274 12, 453, -441
2275 14, 455, -441
2276 16, 457, -441
2277 18, 459, -441
2278 20, 461, -441
2279 22, 463, -441
2280 24, 465, -441
2281 26, 467, -441
2282 0, 469, -469
2283 2, 471, -469
2284 4, 473, -469
2285 6, 475, -469
2286 8, 477, -469
2287 10, 479, -469
2288 12, 481, -469
2289 14, 483, -469
2290 16, 485, -469
2291 18, 487, -469
2292 20, 489, -469
2293 22, 491, -469
2294 24, 493, -469
2295 26, 495, -469
2296 0, 497, -497
2297 2, 499, -497
2298 4, 501, -497
2299 6, 503, -497
2300 8, 505, -497
2301 10, 507, -497
2302 12, 509, -497
2303 14, 511, -497
2304 16, 513, -497
2305 18, 515, -497
2306 20, 517, -497
2307 22, 519, -497
2308 24, 521, -497
2309 26, 523, -497
2310 0, 525, -525
2311 2, 527, -525
2312 4, 529, -525
2313 6, 531, -525
2314 8, 533, -525
2315 10, 535, -525
2316 12, 537, -525
2317 14, 539, -525
2318 16, 541, -525
2319 18, 543, -525
2320 20, 545, -525
2321 22, 547, -525
2322 24, 549, -525
2323 26, 551, -525
2324 0, 553, -553
2325 2, 555, -553
2326 4, 557, -553
2327 6, 559, -553
2328 8, 561, -553
2329 10, 563, -553
2330 12, 565, -553
2331 14, 567, -553
2332 16, 569, -553
2333 18, 571, -553
2334 20, 573, -553
2335 22, 575, -553
2336 24, 577, -553
2337 26, 579, -553
2338 0, 581, -581
2339 2, 583, -581
2340 4, 585, -581
2341 6, 587, -581
2342 8, 589, -581
2343 10, 591, -581
2344 12, 593, -581
2345 14, 595, -581
2346 16, 597, -581
2347 18, 599, -581
2348 20, 601, -581
2349 22, 603, -581
2350 24, 605, -581
2351 26, 607, -581
2352 0, 609, -609
2353 2, 611, -609
2354 4, 613, -609
2355 6, 615, -609
2356 8, 617, -609
2357 10, 619, -609
2358 12, 621, -609
2359 14, 623, -609
2360 16, 625, -609
2361 18, 627, -609
2362 20, 629, -609
2363 22, 631, -609
2364 24, 633, -609
2365 26, 635, -609
2366 0, 637, -637
2367 2, 639, -637
2368 4, 641, -637
2369 6, 643, -637
2370 8, 645, -637
2371 10, 647, -637
2372 12, 649, -637
2373 14, 651, -637
2374 16, 653, -637
2375 18, 655, -637
2376 20, 657, -637
2377 22, 659, -637
2378 24, 661, -637
2379 26, 663, -637
2380 0, 665, -665
2381 2, 667, -665
2382 4, 669, -665
2383 6, 671, -665
2384 8, 673, -665
2385 10, 675, -665
2386 12, 677, -665
2387 14, 679, -665
2388 16, 681, -665
2389 18, 683, -665
2390 20, 685, -665
2391 22, 687, -665
2392 24, 689, -665
2393 26, 691, -665
2394 0, 693, -693
2395 2, 695, -693
2396 4, 697, -693
2397 6, 699, -693
2398 8, 701, -693
2399 10, 703, -693
2400 12, 705, -693
2401 14, 707, -693
2402 16, 709, -693
2403 18, 711, -693
2404 20, 713, -693
2405 22, 715, -693
2406 24, 717, -693
2407 26, 719, -693
2408 0, 721, -721
2409 2, 723, -721
2410 4, 725, -721
2411 6, 727, -721
2412 8, 729, -721
2413 10, 731, -721
2414 12, 733, -721
2415 14, 735, -721
2416 16, 737, -721
2417 18, 739, -721
2418 20, 741, -721
2419 22, 743, -721
2420 24, 745, -721
2421 26, 747, -721
2422 0, 749, -749
2423 2, 751, -749
2424 4, 753, -749
2425 6, 755, -749
2426 8, 757, -749
2427 10, 759, -749
2428 12, 761, -749
2429 14, 763, -749
2430 16, 765, -749
2431 18, 767, -749
2432 20, 769, -749
2433 22, 771, -749
2434 24, 773, -749
2435 26, 775, -749
2436 0, 777, -777
2437 2, 779, -777
2438 4, 781, -777
2439 6, 783, -777
2440 8, 785, -777
2441 10, 787, -777
2442 12, 789, -777
2443 14, 791, -777
2444 16, 793, -777
2445 18, 795, -777
2446 20, 797, -777
2447 22, 799, -777
2448 24, 801, -777
2449 26, 803, -777
2450 0, 805, -805
2451 2, 807, -805
2452 4, 809, -805
2453 6, 811, -805
2454 8, 813, -805
2455 10, 815, -805
2456 12, 817, -805
2457 14, 819, -805
2458 16, 821, -805
2459 18, 823, -805
2460 20, 825, -805
2461 22, 827, -805
2462 24, 829, -805
2463 26, 831, -805
2464 0, 833, -833
2465 2, 835, -833
2466 4, 837, -833
2467 6, 839, -833
2468 8, 841, -833
2469 10, 843, -833
2470 12, 845, -833
2471 14, 847, -833
2472 16, 849, -833
2473 18, 851, -833
2474 20, 853, -833
2475 22, 855, -833
2476 24, 857, -833
2477 26, 859, -833
2478 0, 861, -861
2479 2, 863, -861
2480 4, 865, -861
2481 6, 867, -861
2482 8, 869, -861
2483 10, 871, -861
2484 12, 873, -861
2485 14, 875, -861
2486 16, 877, -861
2487 18, 879, -861
2488 20, 881, -861
2489 22, 883, -861
2490 24, 885, -861
2491 26, 887, -861
2492 0, 889, -889
2493 2, 891, -889
2494 4, 893, -889
2495 6, 895, -889
2496 8, 897, -889
2497 10, 899, -889
2498 12, 901, -889
2499 14, 903, -889
2500 16, 905, -889
2501 18, 907, -889
2502 20, 909, -889
2503 22, 911, -889
2504 24, 913, -889
2505 26, 915, -889
2506 0, 917, -917
2507 2, 919, -917
2508 4, 921, -917
2509 6, 923, -917
2510 8, 925, -917
2511 10, 927, -917
2512 12, 929, -917
2513 14, 931, -917
2514 16, 933, -917
2515 18, 935, -917
2516 20, 937, -917
2517 22, 939, -917
2518 24, 941, -917
2519 26, 943, -917
2520 0, 945, -945
2521 2, 947, -945
2522 4, 949, -945
2523 6, 951, -945
2524 8, 953, -945
2525 10, 955, -945
2526 12, 957, -945
2527 14, 959, -945
2528 16, 961, -945
2529 18, 963, -945
2530 20, 965, -945
2531 22, 967, -945
2532 24, 969, -945
2533 26, 971, -945
2534 0, 973, -973
2535 2, 975, -973
2536 4, 977, -973
2537 6, 979, -973
2538 8, 981, -973
2539 10, 983, -973
2540 12, 985, -973
2541 14, 987, -973
2542 16, 989, -973
2543 18, 991, -973
2544 20, 993, -973
2545 22, 995, -973
2546 24, 997, -973
2547 26, 999, -973
2548 0, 1001, -1001
2549 2, 1003, -1001
2550 4, 1005, -1001
2551 6, 1007, -1001
2552 8, 1009, -1001
2553 10, 1011, -1001
2554 12, 1013, -1001
2555 14, 1015, -1001
2556 16, 1017, -1001
2557 18, 1019, -1001
2558 20, 1021, -1001
2559 22, 1023, -1001
2560 24, 1025, -1001
2561 26, 1027, -1001
2562 0, 1029, -1029
2563 2, 1031, -1029
2564 4, 1033, -1029
2565 6, 1035, -1029
2566 8, 1037, -1029
2567 10, 1039, -1029
2568 12, 1041, -1029
2569 14, 1043, -1029
2570 16, 1045, -1029
2571 18, 1047, -1029
2572 20, 1049, -1029
2573 22, 1051, -1029
2574 24, 1053, -1029
2575 26, 1055, -1029
2576 0, 1057, -1057
2577 2, 1059, -1057
2578 4, 1061, -1057
2579 6, 1063, -1057
2580 8, 1065, -1057
2581 10, 1067, -1057
2582 12, 1069, -1057
2583 14, 1071, -1057
2584 16, 1073, -1057
2585 18, 1075, -1057
2586 20, 1077, -1057
2587 22, 1079, -1057
2588 24, 1081, -1057
2589 26, 1083, -1057
2590 0, 1085, -1085
2591 2, 1087, -1085
2592 4, 1089, -1085
2593 6, 1091, -1085
2594 8, 1093, -1085
2595 10, 1095, -1085
2596 12, 1097, -1085
2597 14, 1099, -1085
2598 16, 1101, -1085
2599 18, 1103, -1085
2600 20, 1105, -1085
2601 22, 1107, -1085
2602 24, 1109, -1085
2603 26, 1111, -1085
2604 0, 1113, -1113
2605 2, 1115, -1113
2606 4, 1117, -1113
2607 6, 1119, -1113
2608 8, 1121, -1113
2609 10, 1123, -1113
2610 12, 1125, -1113
2611 14, 1127, -1113
2612 16, 1129, -1113
2613 18, 1131, -1113
2614 20, 1133, -1113
2615 22, 1135, -1113
2616 24, 1137, -1113
2617 26, 1139, -1113
2618 0, 1141, -1141
2619 2, 1143, -1141
2620 4, 1145, -1141
2621 6, 1147, -1141
2622 8, 1149, -1141
2623 10, 1151, -1141
2624 12, 1153, -1141
2625 14, 1155, -1141
2626 16, 1157, -1141
2627 18, 1159, -1141
2628 20, 1161, -1141
2629 22, 1163, -1141
2630 24, 1165, -1141
2631 26, 1167, -1141
2632 0, 1169, -1169
2633 2, 1171, -1169
2634 4, 1173, -1169
2635 6, 1175, -1169
2636 8, 1177, -1169
2637 10, 1179, -1169
2638 12, 1181, -1169
2639 14, 1183, -1169
2640 16, 1185, -1169
2641 18, 1187, -1169
2642 20, 1189, -1169
2643 22, 1191, -1169
2644 24, 1193, -1169
2645 26, 1195, -1169
2646 0, 1197, -1197
2647 2, 1199, -1197
2648 4, 1201, -1197
2649 6, 1203, -1197
2650 8, 1205, -1197
2651 10, 1207, -1197
2652 12, 1209, -1197
2653 14, 1211, -1197
2654 16, 1213, -1197
2655 18, 1215, -1197
2656 20, 1217, -1197
2657 22, 1219, -1197
2658 24, 1221, -1197
2659 26, 1223, -1197
2660 0, 1225, -1225
2661 2, 1227, -1225
2662 4, 1229, -1225
2663 6, 1231, -1225
2664 8, 1233, -1225
2665 10, 1235, -1225
2666 12, 1237, -1225
2667 14, 1239, -1225
2668 16, 1241, -1225
2669 18, 1243, -1225
2670 20, 1245, -1225
2671 22, 1247, -1225
2672 24, 1249, -1225
2673 26, 1251, -1225
2674 0, 1253, -1253
2675 2, 1255, -1253
2676 4, 1257, -1253
2677 6, 1259, -1253
2678 8, 1261, -1253
2679 10, 1263, -1253
2680 12, 1265, -1253
2681 14, 1267, -1253
2682 16, 1269, -1253
2683 18, 1271, -1253
2684 20, 1273, -1253
2685 22, 1275, -1253
2686 24, 1277, -1253
2687 26, 1279, -1253
2688 0, 1281, -1281
2689 2, 1283, -1281
2690 4, 1285, -1281
2691 6, 1287, -1281
2692 8, 1289, -1281
2693 10, 1291, -1281
2694 12, 1293, -1281
2695 14, 1295, -1281
2696 16, 1297, -1281
2697 18, 1299, -1281
2698 20, 1301, -1281
2699 22, 1303, -1281
2700 24, 1305, -1281
2701 26, 1307, -1281
2702 0, 1309, -1309
2703 2, 1311, -1309
2704 4, 1313, -1309
2705 6, 1315, -1309
2706 8, 1317, -1309
2707 10, 1319, -1309
2708 12, 1321, -1309
2709 14, 1323, -1309
2710 16, 1325, -1309
2711 18, 1327, -1309
2712 20, 1329, -1309
2713 22, 1331, -1309
2714 24, 1333, -1309
2715 26, 1335, -1309
2716 0, 1337, -1337
2717 2, 1339, -1337
2718 4, 1341, -1337
2719 6, 1343, -1337
2720 8, 1345, -1337
2721 10, 1347, -1337
2722 12, 1349, -1337
2723 14, 1351, -1337
2724 16, 1353, -1337
2725 18, 1355, -1337
2726 20, 1357, -1337
2727 22, 1359, -1337
2728 24, 1361, -1337
2729 26, 1363, -1337
2730 0, 1365, -1365
2731 2, 1367, -1365
2732 4, 1369, -1365
2733 6, 1371, -1365
2734 8, 1373, -1365
2735 10, 1375, -1365
2736 12, 1377, -1365
2737 14, 1379, -1365
2738 16, 1381, -1365
2739 18, 1383, -1365
2740 20, 1385, -1365
2741 22, 1387, -1365
2742 24, 1389, -1365
2743 26, 1391, -1365
2744 0, 1393, -1393
2745 2, 1395, -1393
2746 4, 1397, -1393
2747 6, 1399, -1393
2748 8, 1401, -1393
2749 10, 1403, -1393
2750 12, 1405, -1393
2751 14, 1407, -1393
2752 16, 1409, -1393
2753 18, 1411, -1393
2754 20, 1413, -1393
2755 22, 1415, -1393
2756 24, 1417, -1393
2757 26, 1419, -1393
2758 0, 1421, -1421
2759 2, 1423, -1421
2760 4, 1425, -1421
2761 6, 1427, -1421
2762 8, 1429, -1421
2763 10, 1431, -1421
2764 12, 1433, -1421
2765 14, 1435, -1421
2766 16, 1437, -1421
2767 18, 1439, -1421
2768 20, 1441, -1421
2769 22, 1443, -1421
2770 24, 1445, -1421
2771 26, 1447, -1421
2772 0, 1449, -1449
2773 2, 1451, -1449
2774 4, 1453, -1449
2775 6, 1455, -1449
2776 8, 1457, -1449
2777 10, 1459, -1449
2778 12, 1461, -1449
2779 14, 1463, -1449
2780 16, 1465, -1449
2781 18, 1467, -1449
2782 20, 1469, -1449
2783 22, 1471, -1449
2784 24, 1473, -1449
2785 26, 1475, -1449
2786 0, 1477, -1477
2787 2, 1479, -1477
2788 4, 1481, -1477
2789 6, 1483, -1477
2790 8, 1485, -1477
2791 10, 1487, -1477
2792 12, 1489, -1477
2793 14, 1491, -1477
2794 16, 1493, -1477
2795 18, 1495, -1477
2796 20, 1497, -1477
2797 22, 1499, -1477
2798 24, 1501, -1477
2799 26, 1503, -1477
2800 0, 1505, -1505
2801 2, 1507, -1505
2802 4, 1509, -1505
2803 6, 1511, -1505
2804 8, 1513, -1505
2805 10, 1515, -1505
2806 12, 1517, -1505
2807 14, 1519, -1505
2808 16, 1521, -1505
2809 18, 1523, -1505
2810 20, 1525, -1505
2811 22, 1527, -1505
2812 24, 1529, -1505
2813 26, 1531, -1505
2814 0, 1533, -1533
2815 2, 1535, -1533
2816 4, 1537, -1533
2817 6, 1539, -1533
2818 8, 1541, -1533
2819 10, 1543, -1533
2820 12, 1545, -1533
2821 14, 1547, -1533
2822 16, 1549, -1533
2823 18, 1551, -1533
2824 20, 1553, -1533
2825 22, 1555, -1533
2826 24, 1557, -1533
2827 26, 1559, -1533
2828 0, 1561, -1561
2829 2, 1563, -1561
2830 4, 1565, -1561
2831 6, 1567, -1561
2832 8, 1569, -1561
2833 10, 1571, -1561
2834 12, 1573, -1561
2835 14, 1575, -1561
2836 16, 1577, -1561
2837 18, 1579, -1561
2838 20, 1581, -1561
2839 22, 1583, -1561
2840 24, 1585, -1561
2841 26, 1587, -1561
2842 0, 1589, -1589
2843 2, 1591, -1589
2844 4, 1593, -1589
2845 6, 1595, -1589
2846 8, 1597, -1589
2847 10, 1599, -1589
2848 12, 1601, -1589
2849 14, 1603, -1589
2850 16, 1605, -1589
2851 18, 1607, -1589
2852 20, 1609, -1589
2853 22, 1611, -1589
2854 24, 1613, -1589
2855 26, 1615, -1589
2856 0, 1617, -1617
2857 2, 1619, -1617
2858 4, 1621, -1617
2859 6, 1623, -1617
2860 8, 1625, -1617
2861 10, 1627, -1617
2862 12, 1629, -1617
2863 14, 1631, -1617
2864 16, 1633, -1617
2865 18, 1635, -1617
2866 20, 1637, -1617
2867 22, 1639, -1617
2868 24, 1641, -1617
2869 26, 1643, -1617
2870 0, 1645, -1645
2871 2, 1647, -1645
2872 4, 1649, -1645
2873 6, 1651, -1645
2874 8, 1653, -1645
2875 10, 1655, -1645
2876 12, 1657, -1645
2877 14, 1659, -1645
2878 16, 1661, -1645
2879 18, 1663, -1645
2880 20, 1665, -1645
2881 22, 1667, -1645
2882 24, 1669, -1645
2883 26, 1671, -1645
2884 0, 1673, -1673
2885 2, 1675, -1673
2886 4, 1677, -1673
2887 6, 1679, -1673
2888 8, 1681, -1673
2889 10, 1683, -1673
2890 12, 1685, -1673
2891 14, 1687, -1673
2892 16, 1689, -1673
2893 18, 1691, -1673
2894 20, 1693, -1673
2895 22, 1695, -1673
2896 24, 1697, -1673
2897 26, 1699, -1673
2898 0, 1701, -1701
2899 2, 1703, -1701
2900 4, 1705, -1701
2901 6, 1707, -1701
2902 8, 1709, -1701
2903 10, 1711, -1701
2904 12, 1713, -1701
2905 14, 1715, -1701
2906 16, 1717, -1701
2907 18, 1719, -1701
2908 20, 1721, -1701
2909 22, 1723, -1701
2910 24, 1725, -1701
2911 26, 1727, -1701
2912 0, 1729, -1729
2913 2, 1731, -1729
2914 4, 1733, -1729
2915 6, 1735, -1729
2916 8, 1737, -1729
2917 10, 1739, -1729
2918 12, 1741, -1729
2919 14, 1743, -1729
2920 16, 1745, -1729
2921 18, 1747, -1729
2922 20, 1749, -1729
2923 22, 1751, -1729
2924 24, 1753, -1729
2925 26, 1755, -1729
2926 0, 1757, -1757
2927 2, 1759, -1757
2928 4, 1761, -1757
2929 6, 1763, -1757
2930 8, 1765, -1757
2931 10, 1767, -1757
2932 12, 1769, -1757
2933 14, 1771, -1757
2934 16, 1773, -1757
2935 18, 1775, -1757
2936 20, 1777, -1757
2937 22, 1779, -1757
2938 24, 1781, -1757
2939 26, 1783, -1757
2940 0, 1785, -1785
2941 2, 1787, -1785
2942 4, 1789, -1785
2943 6, 1791, -1785
2944 8, 1793, -1785
2945 10, 1795, -1785
2946 12, 1797, -1785
2947 14, 1799, -1785
2948 16, 1801, -1785
2949 18, 1803, -1785
2950 20, 1805, -1785
2951 22, 1807, -1785
2952 24, 1809, -1785
2953 26, 1811, -1785
2954 0, 1813, -1813
2955 2, 1815, -1813
2956 4, 1817, -1813
2957 6, 1819, -1813
2958 8, 1821, -1813
2959 10, 1823, -1813
2960 12, 1825, -1813
2961 14, 1827, -1813
2962 16, 1829, -1813
2963 18, 1831, -1813
2964 20, 1833, -1813
2965 22, 1835, -1813
2966 24, 1837, -1813
2967 26, 1839, -1813
2968 0, 1841, -1841
2969 2, 1843, -1841
2970 4, 1845, -1841
2971 6, 1847, -1841
2972 8, 1849, -1841
2973 10, 1851, -1841
2974 12, 1853, -1841
2975 14, 1855, -1841
2976 16, 1857, -1841
2977 18, 1859, -1841
2978 20, 1861, -1841
2979 22, 1863, -1841
2980 24, 1865, -1841
2981 26, 1867, -1841
2982 0, 1869, -1869
2983 2, 1871, -1869
2984 4, 1873, -1869
2985 6, 1875, -1869
2986 8, 1877, -1869
2987 10, 1879, -1869
2988 12, 1881, -1869
2989 14, 1883, -1869
2990 16, 1885, -1869
2991 18, 1887, -1869
2992 20, 1889, -1869
2993 22, 1891, -1869
2994 24, 1893, -1869
2995 26, 1895, -1869
2996 0, 1897, -1897
2997 2, 1899, -1897
2998 4, 1901, -1897
2999 6, 1903, -1897
3000 8, 1905, -1897
3001 10, 1907, -1897
3002 12, 1909, -1897
3003 14, 1911, -1897
3004 16, 1913, -1897
3005 18, 1915, -1897
3006 20, 1917, -1897
3007 22, 1919, -1897
3008 24, 1921, -1897
3009 26, 1923, -1897
3010 0, 1925, -1925
3011 2, 1927, -1925
3012 4, 1929, -1925
3013 6, 1931, -1925
3014 8, 1933, -1925
3015 10, 1935, -1925
3016 12, 1937, -1925
3017 14, 1939, -1925
3018 16, 1941, -1925
3019 18, 1943, -1925
3020 20, 1945, -1925
3021 22, 1947, -1925
3022 24, 1949, -1925
3023 26, 1951, -1925
3024 0, 1953, -1953
3025 2, 1955, -1953
3026 4, 1957, -1953
3027 6, 1959, -1953
3028 8, 1961, -1953
3029 10, 1963, -1953
3030 12, 1965, -1953
3031 14, 1967, -1953
3032 16, 1969, -1953
3033 18, 1971, -1953
3034 20, 1973, -1953
3035 22, 1975, -1953
3036 24, 1977, -1953
3037 26, 1979, -1953
3038 0, 1981, -1981
3039 2, 1983, -1981
3040 4, 1985, -1981
3041 6, 1987, -1981
3042 8, 1989, -1981
3043 10, 1991, -1981
3044 12, 1993, -1981
3045 14, 1995, -1981
3046 16, 1997, -1981
3047 18, 1999, -1981
3048 20, 2001, -1981
3049 22, 2003, -1981
3050 24, 2005, -1981
3051 26, 2007, -1981
3052 0, 2009, -2009
3053 2, 2011, -2009
3054 4, 2013, -2009
3055 6, 2015, -2009
3056 8, 2017, -2009
3057 10, 2019, -2009
3058 12, 2021, -2009
3059 14, 2023, -2009
3060 16, 2025, -2009
3061 18, 2027, -2009
3062 20, 2029, -2009
3063 22, 2031, -2009
3064 24, 2033, -2009
3065 26, 2035, -2009
3066 0, 2037, -2037
3067 2, 2039, -2037
3068 4, 2041, -2037
3069 6, 2043, -2037
3070 8, 2045, -2037
3071 10, 2047, -2037
3072 12, 2049, -2037
3073 14, 2051, -2037
3074 16, 2053, -2037
3075 18, 2055, -2037
3076 20, 2057, -2037
3077 22, 2059, -2037
3078 24, 2061, -2037
3079 26, 2063, -2037
3080 0, 2065, -2065
3081 2, 2067, -2065
3082 4, 2069, -2065
3083 6, 2071, -2065
3084 8, 2073, -2065
3085 10, 2075, -2065
3086 12, 2077, -2065
3087 14, 2079, -2065
3088 16, 2081, -2065
3089 18, 2083, -2065
3090 20, 2085, -2065
3091 22, 2087, -2065
3092 24, 2089, -2065
3093 26, 2091, -2065
3094 0, 2093, -2093
3095 2, 2095, -2093
3096 4, 2097, -2093
3097 6, 2099, -2093
3098 8, 2101, -2093
3099 10, 2103, -2093
3100 12, 2105, -2093
3101 14, 2107, -2093
3102 16, 2109, -2093
3103 18, 2111, -2093
3104 20, 2113, -2093
3105 22, 2115, -2093
3106 24, 2117, -2093
3107 26, 2119, -2093
3108 0, 2121, -2121
3109 2, 2123, -2121
3110 4, 2125, -2121
3111 6, 2127, -2121
3112 8, 2129, -2121
3113 10, 2131, -2121
3114 12, 2133, -2121
3115 14, 2135, -2121
3116 16, 2137, -2121
3117 18, 2139, -2121
3118 20, 2141, -2121
3119 22, 2143, -2121
3120 24, 2145, -2121
3121 26, 2147, -2121
3122 0, 2149, -2149
3123 2, 2151, -2149
3124 4, 2153, -2149
3125 6, 2155, -2149
3126 8, 2157, -2149
3127 10, 2159, -2149
3128 12, 2161, -2149
3129 14, 2163, -2149
3130 16, 2165, -2149
3131 18, 2167, -2149
3132 20, 2169, -2149
3133 22, 2171, -2149
3134 24, 2173, -2149
3135 26, 2175, -2149
3136 0, 2177, -2177
3137 2, 2179, -2177
3138 4, 2181, -2177
3139 6, 2183, -2177
3140 8, 2185, -2177
3141 10, 2187, -2177
3142 12, 2189, -2177
3143 14, 2191, -2177
3144 16, 2193, -2177
3145 18, 2195, -2177
3146 20, 2197, -2177
3147 22, 2199, -2177
3148 24, 2201, -2177
3149 26, 2203, -2177
3150 0, 2205, -2205
3151 2, 2207, -2205
3152 4, 2209, -2205
3153 6, 2211, -2205
3154 8, 2213, -2205
3155 10, 2215, -2205
3156 12, 2217, -2205
3157 14, 2219, -2205
3158 16, 2221, -2205
3159 18, 2223, -2205
3160 20, 2225, -2205
3161 22, 2227, -2205
3162 24, 2229, -2205
3163 26, 2231, -2205
3164 0, 2233, -2233
3165 2, 2235, -2233
3166 4, 2237, -2233
3167 6, 2239, -2233
3168 8, 2241, -2233
3169 10, 2243, -2233
3170 12, 2245, -2233
3171 14, 2247, -2233
3172 16, 2249, -2233
3173 18, 2251, -2233
3174 20, 2253, -2233
3175 22, 2255, -2233
3176 24, 2257, -2233
3177 26, 2259, -2233
3178 0, 2261, -2261
3179 2, 2263, -2261
3180 4, 2265, -2261
3181 6, 2267, -2261
3182 8, 2269, -2261
3183 10, 2271, -2261
3184 12, 2273, -2261
3185 14, 2275, -2261
3186 16, 2277, -2261
3187 18, 2279, -2261
3188 20, 2281, -2261
3189 22, 2283, -2261
3190 24, 2285, -2261
3191 26, 2287, -2261
3192 0, 2289, -2289
3193 2, 2291, -2289
3194 4, 2293, -2289
3195 6, 2295, -2289
3196 8, 2297, -2289
3197 10, 2299, -2289
3198 12, 2301, -2289
3199 14, 2303, -2289
3200 16, 2305, -2289
3201 18, 2307, -2289
3202 20, 2309, -2289
3203 22, 2311, -2289
3204 24, 2313, -2289
3205 26, 2315, -2289
3206 0, 2317, -2317
3207 2, 2319, -2317
3208 4, 2321, -2317
3209 6, 2323, -2317
3210 8, 2325, -2317
3211 10, 2327, -2317
3212 12, 2329, -2317
3213 14, 2331, -2317
3214 16, 2333, -2317
3215 18, 2335, -2317
3216 20, 2337, -2317
3217 22, 2339, -2317
3218 24, 2341, -2317
3219 26, 2343, -2317
3220 0, 2345, -2345
3221 2, 2347, -2345
3222 4, 2349, -2345
3223 6, 2351, -2345
3224 8, 2353, -2345
3225 10, 2355, -2345
3226 12, 2357, -2345
3227 14, 2359, -2345
3228 16, 2361, -2345
3229 18, 2363, -2345
3230 20, 2365, -2345
3231 22, 2367, -2345
3232 24, 2369, -2345
3233 26, 2371, -2345
3234 0, 2373, -2373
3235 2, 2375, -2373
3236 4, 2377, -2373
3237 6, 2379, -2373
3238 8, 2381, -2373
3239 10, 2383, -2373
3240 12, 2385, -2373
3241 14, 2387, -2373
3242 16, 2389, -2373
3243 18, 2391, -2373
3244 20, 2393, -2373
3245 22, 2395, -2373
3246 24, 2397, -2373
3247 26, 2399, -2373
3248 0, 2401, -2401
3249 2, 2403, -2401
3250 4, 2405, -2401
3251 6, 2407, -2401
3252 8, 2409, -2401
3253 10, 2411, -2401
3254 12, 2413, -2401
3255 14, 2415, -2401
3256 16, 2417, -2401
3257 18, 2419, -2401
3258 20, 2421, -2401
3259 22, 2423, -2401
3260 24, 2425, -2401
3261 26, 2427, -2401
3262 0, 2429, -2429
3263 2, 2431, -2429
3264 4, 2433, -2429
3265 6, 2435, -2429
3266 8, 2437, -2429
3267 10, 2439, -2429
3268 12, 2441, -2429
3269 14, 2443, -2429
3270 16, 2445, -2429
3271 18, 2447, -2429
3272 20, 2449, -2429
3273 22, 2451, -2429
3274 24, 2453, -2429
3275 26, 2455, -2429
3276 0, 2457, -2457
3277 2, 2459, -2457
3278 4, 2461, -2457
3279 6, 2463, -2457
3280 8, 2465, -2457
3281 10, 2467, -2457
3282 12, 2469, -2457
3283 14, 2471, -2457
3284 16, 2473, -2457
3285 18, 2475, -2457
3286 20, 2477, -2457
3287 22, 2479, -2457
3288 24, 2481, -2457
3289 26, 2483, -2457
3290 0, 2485, -2485
3291 2, 2487, -2485
3292 4, 2489, -2485
3293 6, 2491, -2485
3294 8, 2493, -2485
3295 10, 2495, -2485
3296 12, 2497, -2485
3297 14, 2499, -2485
3298 16, 2501, -2485
3299 18, 2503, -2485
3300 20, 2505, -2485
3301 22, 2507, -2485
3302 24, 2509, -2485
3303 26, 2511, -2485
3304 0, 2513, -2513
3305 2, 2515, -2513
3306 4, 2517, -2513
3307 6, 2519, -2513
3308 8, 2521, -2513
3309 10, 2523, -2513
3310 12, 2525, -2513
3311 14, 2527, -2513
3312 16, 2529, -2513
3313 18, 2531, -2513
3314 20, 2533, -2513
3315 22, 2535, -2513
3316 24, 2537, -2513
3317 26, 2539, -2513
3318 0, 2541, -2541
3319 2, 2543, -2541
3320 4, 2545, -2541
3321 6, 2547, -2541
3322 8, 2549, -2541
3323 10, 2551, -2541
3324 12, 2553, -2541
3325 14, 2555, -2541
3326 16, 2557, -2541
3327 18, 2559, -2541
3328 20, 2561, -2541
3329 22, 2563, -2541
3330 24, 2565, -2541
3331 26, 2567, -2541
3332 0, 2569, -2569
3333 2, 2571, -2569
3334 4, 2573, -2569
3335 6, 2575, -2569
3336 8, 2577, -2569
3337 10, 2579, -2569
3338 12, 2581, -2569
3339 14, 2583, -2569
3340 16, 2585, -2569
3341 18, 2587, -2569
3342 20, 2589, -2569
3343 22, 2591, -2569
3344 24, 2593, -2569
3345 26, 2595, -2569
3346 0, 2597, -2597
3347 2, 2599, -2597
3348 4, 2601, -2597
3349 6, 2603, -2597
3350 8, 2605, -2597
3351 10, 2607, -2597
3352 12, 2609, -2597
3353 14, 2611, -2597
3354 16, 2613, -2597
3355 18, 2615, -2597
3356 20, 2617, -2597
3357 22, 2619, -2597
3358 24, 2621, -2597
3359 26, 2623, -2597
3360 0, 2625, -2625
3361 2, 2627, -2625
3362 4, 2629, -2625
3363 6, 2631, -2625
3364 8, 2633, -2625
3365 10, 2635, -2625
3366 12, 2637, -2625
3367 14, 2639, -2625
3368 16, 2641, -2625
3369 18, 2643, -2625
3370 20, 2645, -2625
3371 22, 2647, -2625
3372 24, 2649, -2625
3373 26, 2651, -2625
3374 0, 2653, -2653
3375 2, 2655, -2653
3376 4, 2657, -2653
3377 6, 2659, -2653
3378 8, 2661, -2653
3379 10, 2663, -2653
3380 12, 2665, -2653
3381 14, 2667, -2653
3382 16, 2669, -2653
3383 18, 2671, -2653
3384 20, 2673, -2653
3385 22, 2675, -2653
3386 24, 2677, -2653
3387 26, 2679, -2653
3388 0, 2681, -2681
3389 2, 2683, -2681
3390 4, 2685, -2681
3391 6, 2687, -2681
3392 8, 2689, -2681
3393 10, 2691, -2681
3394 12, 2693, -2681
3395 14, 2695, -2681
3396 16, 2697, -2681
3397 18, 2699, -2681
3398 20, 2701, -2681
3399 22, 2703, -2681
3400 24, 2705, -2681
3401 26, 2707, -2681
3402 0, 2709, -2709
3403 2, 2711, -2709
3404 4, 2713, -2709
3405 6, 2715, -2709
3406 8, 2717, -2709
3407 10, 2719, -2709
3408 12, 2721, -2709
3409 14, 2723, -2709
3410 16, 2725, -2709
3411 18, 2727, -2709
3412 20, 2729, -2709
3413 22, 2731, -2709
3414 24, 2733, -2709
3415 26, 2735, -2709
3416 0, 2737, -2737
3417 2, 2739, -2737
3418 4, 2741, -2737
3419 6, 2743, -2737
3420 8, 2745, -2737
3421 10, 2747, -2737
3422 12, 2749, -2737
3423 14, 2751, -2737
3424 16, 2753, -2737
3425 18, 2755, -2737
3426 20, 2757, -2737
3427 22, 2759, -2737
3428 24, 2761, -2737
3429 26, 2763, -2737
3430 0, 2765, -2765
3431 2, 2767, -2765
3432 4, 2769, -2765
3433 6, 2771, -2765
3434 8, 2773, -2765
3435 10, 2775, -2765
3436 12, 2777, -2765
3437 14, 2779, -2765
3438 16, 2781, -2765
3439 18, 2783, -2765
3440 20, 2785, -2765
3441 22, 2787, -2765
3442 24, 2789, -2765
3443 26, 2791, -2765
3444 0, 2793, -2793
3445 2, 2795, -2793
3446 4, 2797, -2793
3447 6, 2799, -2793
3448 8, 2801, -2793
3449 10, 2803, -2793
3450 12, 2805, -2793
3451 14, 2807, -2793
3452 16, 2809, -2793
3453 18, 2811, -2793
3454 20, 2813, -2793
3455 22, 2815, -2793
3456 24, 2817, -2793
3457 26, 2819, -2793
3458 0, 2821, -2821
3459 2, 2823, -2821
3460 4, 2825, -2821
3461 6, 2827, -2821
3462 8, 2829, -2821
3463 10, 2831, -2821
3464 12, 2833, -2821
